Gene1,Gene2,61825,61835,77791,67944,61833,50801,61826,62004,61841,224850,67325,62008,62007,62035,62434,67943
ENSG00000041880,ENSG00000106399,0,1,0,0,0,0,0,0,0,0,1,1,0,1,0,0
ENSG00000011052,ENSG00000180596,0,0,0,0,0,0,0,0,0,0,0,0,0,0,0,1
ENSG00000058262,ENSG00000106367,0,0,1,0,1,1,0,0,0,1,0,0,1,0,0,0
ENSG00000058262,ENSG00000111725,0,0,1,0,1,1,1,0,0,1,0,1,1,0,0,0
ENSG00000058262,ENSG00000182636,0,0,1,0,1,1,1,0,0,1,0,1,1,0,0,0
ENSG00000058262,ENSG00000184489,0,0,1,0,1,1,1,0,0,1,0,1,1,0,0,0
ENSG00000082458,ENSG00000180596,0,0,0,0,0,0,0,0,0,0,0,0,0,0,0,1
ENSG00000099399,ENSG00000180596,0,0,0,0,0,0,0,0,0,0,0,0,0,0,0,1
ENSG00000101843,ENSG00000180596,0,0,0,0,0,0,0,0,0,0,0,0,0,0,0,1
ENSG00000106399,ENSG00000134086,0,1,0,0,0,0,0,0,0,0,0,0,0,0,0,0
ENSG00000127914,ENSG00000140368,0,0,0,0,0,0,0,0,0,0,0,0,1,0,0,0
ENSG00000133059,ENSG00000164109,0,0,0,0,0,0,0,1,0,0,0,0,0,0,0,1
ENSG00000133112,ENSG00000134086,0,1,0,0,0,0,0,0,0,0,0,0,0,0,0,1
ENSG00000134086,ENSG00000180596,0,0,0,0,0,0,0,0,0,0,0,0,0,0,0,1
ENSG00000136261,ENSG00000140368,0,0,0,0,0,0,0,0,0,0,0,0,1,0,0,0
ENSG00000143466,ENSG00000180596,0,0,0,0,0,0,0,0,0,0,0,0,0,0,0,1
ENSG00000162191,ENSG00000196954,0,0,1,0,1,0,1,1,0,1,0,1,1,1,0,0
ENSG00000163435,ENSG00000180596,0,0,0,0,0,0,0,0,0,0,0,0,0,0,0,1
ENSG00000175104,ENSG00000188716,0,1,0,0,0,0,0,0,0,0,0,0,0,0,0,0
ENSG00000183570,ENSG00000205937,0,0,1,1,1,1,1,0,0,1,0,1,1,1,0,0
ENSG00000068323,ENSG00000106399,0,1,1,0,1,1,0,0,0,0,1,1,0,1,1,0
ENSG00000101349,ENSG00000106399,0,1,1,0,1,1,0,0,0,0,1,1,0,1,1,0
ENSG00000106399,ENSG00000175104,0,1,0,0,1,0,0,0,0,0,1,0,0,1,1,0
ENSG00000106399,ENSG00000178585,0,1,1,0,1,1,0,0,0,0,1,1,0,1,1,0
ENSG00000104824,ENSG00000131759,0,0,1,1,0,0,1,0,0,0,0,0,1,0,1,0
ENSG00000205571,ENSG00000205937,0,1,0,0,0,0,0,0,0,1,0,0,1,0,1,0
ENSG00000128585,ENSG00000205937,0,0,0,0,0,0,0,0,1,0,1,0,1,0,0,0
ENSG00000101076,ENSG00000113522,0,1,0,0,0,0,1,0,1,1,0,1,1,0,0,0
ENSG00000102226,ENSG00000144021,0,0,0,1,0,1,1,1,1,1,1,1,1,0,1,0
ENSG00000105887,ENSG00000133059,0,1,0,0,1,1,1,1,1,0,1,0,0,1,1,0
ENSG00000107902,ENSG00000157873,1,0,1,0,0,0,1,0,0,1,1,1,0,0,0,1
ENSG00000157873,ENSG00000183048,1,0,0,0,0,0,1,0,0,0,0,0,0,0,0,1
ENSG00000204498,ENSG00000205937,1,0,0,0,0,1,0,0,0,0,0,0,0,0,0,0
ENSG00000134049,ENSG00000175104,1,1,0,0,1,0,1,1,0,0,1,0,1,1,1,1
ENSG00000138030,ENSG00000205937,1,1,1,1,1,1,1,1,0,1,1,1,1,1,1,1
ENSG00000111605,ENSG00000143466,1,1,0,1,1,1,1,0,1,1,1,1,1,0,0,1
ENSG00000111605,ENSG00000180370,1,1,0,1,1,1,1,0,1,1,1,1,1,0,0,1
ENSG00000163877,ENSG00000205937,1,1,1,1,1,1,1,1,1,1,0,1,0,1,0,1
ENSG00000006125,ENSG00000205937,1,1,1,1,1,1,1,1,1,1,1,1,1,1,1,1
ENSG00000007392,ENSG00000205937,1,1,1,1,1,1,1,1,1,1,1,1,1,1,1,1
ENSG00000008018,ENSG00000115687,1,1,1,1,1,1,1,1,1,1,1,1,1,1,1,0
ENSG00000008018,ENSG00000133059,1,1,1,1,1,1,1,1,1,1,1,1,1,1,1,1
ENSG00000010017,ENSG00000205937,1,1,1,1,1,1,1,1,1,1,1,1,1,1,1,1
ENSG00000020129,ENSG00000143466,1,1,1,1,1,1,1,1,1,1,1,1,1,1,1,1
ENSG00000020129,ENSG00000184489,1,1,1,1,1,1,1,1,1,1,1,1,1,1,1,1
ENSG00000020129,ENSG00000197448,1,1,0,0,1,1,1,1,1,1,1,1,1,0,1,0
ENSG00000023734,ENSG00000205937,1,1,1,1,1,1,1,1,1,1,1,1,1,1,1,1
ENSG00000029363,ENSG00000205937,1,1,1,1,1,1,1,1,1,1,1,1,1,1,1,1
ENSG00000061936,ENSG00000205937,1,1,1,1,1,1,1,1,1,1,1,1,1,1,1,1
ENSG00000064703,ENSG00000205937,1,1,1,1,1,1,1,1,1,1,1,1,0,1,1,1
ENSG00000070756,ENSG00000111725,1,1,1,1,1,1,1,1,1,1,1,1,1,1,1,1
ENSG00000070756,ENSG00000118515,1,1,1,1,1,1,1,1,1,1,1,1,1,1,1,1
ENSG00000070756,ENSG00000143466,1,1,1,1,1,1,1,1,1,1,1,1,1,1,1,1
ENSG00000070770,ENSG00000205937,1,1,1,1,1,1,1,1,1,1,1,1,1,1,1,0
ENSG00000070808,ENSG00000082458,1,1,1,1,1,1,1,1,1,1,1,1,1,1,1,1
ENSG00000070808,ENSG00000145349,1,1,1,1,1,1,1,1,1,1,1,1,1,1,1,1
ENSG00000070808,ENSG00000198668,1,1,1,1,1,1,1,1,1,1,1,1,1,1,1,1
ENSG00000073969,ENSG00000119408,1,1,1,1,1,1,1,1,1,1,1,1,1,1,1,1
ENSG00000073969,ENSG00000147509,1,1,1,1,1,1,1,1,1,1,1,1,0,1,1,1
ENSG00000073969,ENSG00000150459,1,1,1,1,1,1,1,1,1,1,1,1,1,1,1,1
ENSG00000078140,ENSG00000133059,1,1,0,0,1,1,1,1,1,1,1,1,0,0,1,1
ENSG00000082516,ENSG00000205937,1,1,0,1,1,1,1,1,1,1,1,1,1,1,1,1
ENSG00000089737,ENSG00000205937,1,1,1,1,1,1,1,1,1,1,1,1,1,1,1,1
ENSG00000092208,ENSG00000205937,1,1,1,1,1,1,1,1,1,1,1,1,1,1,1,1
ENSG00000096063,ENSG00000205937,1,1,1,1,1,1,1,1,1,1,1,1,1,1,1,1
ENSG00000099964,ENSG00000133059,1,1,1,1,1,1,1,1,1,1,1,1,1,1,1,1
ENSG00000099977,ENSG00000133059,1,1,0,1,1,1,0,1,1,1,1,1,1,1,1,0
ENSG00000100632,ENSG00000205937,1,1,1,1,1,1,1,1,1,1,1,1,1,1,1,1
ENSG00000101076,ENSG00000151348,1,1,1,1,1,1,1,1,1,1,1,1,1,1,1,1
ENSG00000101076,ENSG00000173267,1,1,1,0,1,1,1,1,1,1,1,1,1,1,1,1
ENSG00000101193,ENSG00000205937,1,1,1,1,1,1,1,1,1,1,1,1,1,1,1,1
ENSG00000101266,ENSG00000205937,1,1,1,1,1,1,1,1,1,1,1,1,1,1,1,1
ENSG00000102226,ENSG00000185222,1,1,1,1,1,1,1,1,1,1,1,1,1,1,1,1
ENSG00000105202,ENSG00000115687,1,1,1,1,1,1,1,1,1,1,1,1,1,1,1,0
ENSG00000107242,ENSG00000121067,1,1,1,1,1,1,1,1,1,1,1,1,1,1,1,1
ENSG00000107242,ENSG00000187778,1,1,1,1,1,1,1,1,1,1,1,1,1,1,1,1
ENSG00000108294,ENSG00000133059,1,1,1,1,1,1,1,1,1,1,1,1,1,1,1,1
ENSG00000108774,ENSG00000133059,1,1,1,1,1,1,1,1,1,1,1,1,1,1,1,1
ENSG00000112245,ENSG00000184007,1,1,1,1,1,1,1,1,1,1,1,1,1,1,1,1
ENSG00000114098,ENSG00000205937,1,1,1,1,1,1,1,1,1,1,1,1,1,1,1,1
ENSG00000115687,ENSG00000196363,1,1,1,1,1,1,1,1,1,1,1,1,1,1,1,0
ENSG00000116148,ENSG00000205937,1,1,1,1,1,1,1,1,1,1,1,1,1,1,1,1
ENSG00000116459,ENSG00000133059,1,1,1,1,1,1,1,1,1,1,1,1,1,1,1,1
ENSG00000119396,ENSG00000133059,1,1,1,1,1,1,1,1,1,1,1,1,1,1,1,1
ENSG00000120162,ENSG00000149970,1,1,1,1,1,1,1,1,1,1,1,1,0,1,1,1
ENSG00000123374,ENSG00000149970,1,1,1,1,1,1,1,1,1,1,1,1,0,1,1,1
ENSG00000127914,ENSG00000143499,1,1,0,1,1,0,1,0,1,1,1,1,1,1,1,0
ENSG00000127914,ENSG00000163435,1,1,0,1,1,0,1,0,1,1,1,1,1,1,1,0
ENSG00000130762,ENSG00000170027,1,1,1,1,1,1,1,1,1,0,1,1,1,0,1,1
ENSG00000131467,ENSG00000205937,1,1,1,1,1,1,1,1,1,1,1,1,1,1,1,1
ENSG00000133059,ENSG00000143466,1,1,1,1,1,1,1,1,1,1,1,1,1,1,1,1
ENSG00000133112,ENSG00000143466,1,1,1,1,1,1,1,1,1,1,1,1,1,1,1,1
ENSG00000135250,ENSG00000205937,1,1,1,1,1,1,1,1,1,1,1,1,1,1,1,1
ENSG00000138398,ENSG00000205937,1,1,1,1,1,1,1,1,1,1,1,1,1,1,1,1
ENSG00000141084,ENSG00000205937,1,1,1,1,1,1,1,1,1,1,1,1,1,1,1,1
ENSG00000143420,ENSG00000149970,1,1,1,1,1,1,1,1,1,1,1,1,0,1,1,1
ENSG00000143793,ENSG00000205937,1,1,1,1,1,1,1,1,1,1,1,1,1,1,1,1
ENSG00000146192,ENSG00000205937,1,1,1,1,1,1,1,1,1,1,1,1,1,1,1,1
ENSG00000146963,ENSG00000205937,1,1,1,1,1,1,1,1,1,1,1,1,1,1,1,1
ENSG00000151914,ENSG00000205937,1,1,1,1,1,1,1,1,1,1,1,1,1,1,1,1
ENSG00000153914,ENSG00000205937,1,1,1,1,1,1,1,1,1,1,1,1,1,1,1,1
ENSG00000158019,ENSG00000165660,1,1,1,1,1,1,1,1,1,1,1,1,1,1,1,1
ENSG00000162191,ENSG00000171444,1,1,1,1,1,1,1,1,1,1,1,1,1,1,1,1
ENSG00000162923,ENSG00000205937,1,1,1,1,1,1,1,1,1,1,1,1,1,1,1,1
ENSG00000164924,ENSG00000205937,1,0,0,1,1,1,0,1,1,1,1,1,1,0,1,1
ENSG00000179409,ENSG00000205937,1,0,1,1,1,1,1,1,1,1,1,1,0,1,1,0
ENSG00000186660,ENSG00000205937,1,1,1,1,1,1,0,1,1,1,1,1,0,1,1,1
ENSG00000187555,ENSG00000205937,1,1,1,1,1,1,1,1,1,1,1,1,1,1,1,1
ENSG00000196961,ENSG00000205937,1,1,1,1,1,1,1,1,1,1,1,1,1,1,1,1
ENSG00000204435,ENSG00000205937,1,1,1,1,1,1,1,1,1,1,1,1,1,1,1,1
ENSG00000111725,ENSG00000183048,1,1,0,0,0,0,1,1,1,0,0,0,1,0,1,1
ENSG00000179222,ENSG00000183048,1,1,0,0,0,0,1,1,1,0,0,0,1,0,1,1
